Id,Predicted
0,neutral
1,disgust
2,neutral
3,neutral
4,neutral
5,non-neutral
6,non-neutral
7,neutral
8,neutral
9,non-neutral
10,non-neutral
11,neutral
12,non-neutral
13,neutral
14,neutral
15,surprise
16,sadness
17,surprise
18,surprise
19,neutral
20,neutral
21,neutral
22,surprise
23,neutral
24,joy
25,neutral
26,neutral
27,neutral
28,anger
29,neutral
30,neutral
31,neutral
32,neutral
33,neutral
34,non-neutral
35,non-neutral
36,non-neutral
37,anger
38,non-neutral
39,neutral
40,neutral
41,non-neutral
42,surprise
43,neutral
44,neutral
45,surprise
46,surprise
47,non-neutral
48,neutral
49,neutral
50,neutral
51,neutral
52,neutral
53,neutral
54,neutral
55,neutral
56,surprise
57,neutral
58,non-neutral
59,surprise
60,surprise
61,neutral
62,non-neutral
63,neutral
64,neutral
65,non-neutral
66,disgust
67,surprise
68,neutral
69,surprise
70,neutral
71,non-neutral
72,neutral
73,neutral
74,neutral
75,non-neutral
76,surprise
77,neutral
78,non-neutral
79,neutral
80,joy
81,neutral
82,joy
83,neutral
84,neutral
85,neutral
86,joy
87,neutral
88,neutral
89,neutral
90,neutral
91,neutral
92,neutral
93,non-neutral
94,neutral
95,neutral
96,neutral
97,neutral
98,neutral
99,neutral
100,neutral
101,neutral
102,neutral
103,disgust
104,surprise
105,neutral
106,neutral
107,neutral
108,neutral
109,non-neutral
110,neutral
111,joy
112,anger
113,surprise
114,non-neutral
115,neutral
116,neutral
117,joy
118,neutral
119,neutral
120,non-neutral
121,neutral
122,anger
123,neutral
124,neutral
125,surprise
126,neutral
127,joy
128,neutral
129,neutral
130,neutral
131,neutral
132,neutral
133,joy
134,neutral
135,neutral
136,neutral
137,non-neutral
138,non-neutral
139,non-neutral
140,non-neutral
141,neutral
142,joy
143,neutral
144,neutral
145,neutral
146,non-neutral
147,non-neutral
148,surprise
149,surprise
150,neutral
151,non-neutral
152,anger
153,neutral
154,surprise
155,neutral
156,neutral
157,neutral
158,neutral
159,neutral
160,neutral
161,surprise
162,neutral
163,neutral
164,neutral
165,neutral
166,non-neutral
167,neutral
168,joy
169,neutral
170,surprise
171,neutral
172,non-neutral
173,sadness
174,neutral
175,non-neutral
176,neutral
177,neutral
178,surprise
179,neutral
180,neutral
181,neutral
182,neutral
183,neutral
184,neutral
185,surprise
186,neutral
187,surprise
188,surprise
189,neutral
190,neutral
191,neutral
192,non-neutral
193,anger
194,non-neutral
195,neutral
196,non-neutral
197,neutral
198,neutral
199,neutral
200,neutral
201,neutral
202,neutral
203,neutral
204,non-neutral
205,joy
206,joy
207,joy
208,joy
209,neutral
210,non-neutral
211,neutral
212,non-neutral
213,neutral
214,neutral
215,neutral
216,neutral
217,surprise
218,neutral
219,neutral
220,non-neutral
221,neutral
222,neutral
223,neutral
224,neutral
225,disgust
226,surprise
227,neutral
228,neutral
229,neutral
230,neutral
231,surprise
232,neutral
233,joy
234,neutral
235,joy
236,neutral
237,non-neutral
238,neutral
239,neutral
240,neutral
241,neutral
242,joy
243,neutral
244,non-neutral
245,non-neutral
246,neutral
247,neutral
248,neutral
249,neutral
250,joy
251,joy
252,non-neutral
253,surprise
254,neutral
255,non-neutral
256,neutral
257,surprise
258,neutral
259,neutral
260,neutral
261,neutral
262,neutral
263,neutral
264,neutral
265,neutral
266,neutral
267,non-neutral
268,neutral
269,non-neutral
270,neutral
271,non-neutral
272,neutral
273,non-neutral
274,neutral
275,neutral
276,non-neutral
277,surprise
278,neutral
279,neutral
280,neutral
281,neutral
282,neutral
283,neutral
284,neutral
285,neutral
286,neutral
287,joy
288,joy
289,neutral
290,neutral
291,surprise
292,neutral
293,neutral
294,neutral
295,joy
296,non-neutral
297,neutral
298,neutral
299,neutral
300,neutral
301,neutral
302,neutral
303,neutral
304,neutral
305,sadness
306,neutral
307,non-neutral
308,neutral
309,neutral
310,neutral
311,joy
312,neutral
313,neutral
314,non-neutral
315,neutral
316,non-neutral
317,non-neutral
318,surprise
319,neutral
320,neutral
321,surprise
322,non-neutral
323,neutral
324,joy
325,surprise
326,neutral
327,non-neutral
328,non-neutral
329,neutral
330,non-neutral
331,surprise
332,non-neutral
333,non-neutral
334,surprise
335,neutral
336,neutral
337,non-neutral
338,neutral
339,surprise
340,neutral
341,neutral
342,neutral
343,surprise
344,joy
345,neutral
346,joy
347,non-neutral
348,non-neutral
349,neutral
350,neutral
351,neutral
352,sadness
353,neutral
354,surprise
355,neutral
356,anger
357,neutral
358,neutral
359,neutral
360,neutral
361,surprise
362,joy
363,neutral
364,surprise
365,neutral
366,neutral
367,neutral
368,neutral
369,fear
370,neutral
371,neutral
372,joy
373,neutral
374,neutral
375,surprise
376,joy
377,neutral
378,neutral
379,neutral
380,neutral
381,neutral
382,joy
383,neutral
384,neutral
385,non-neutral
386,surprise
387,neutral
388,neutral
389,neutral
390,neutral
391,neutral
392,neutral
393,neutral
394,neutral
395,neutral
396,neutral
397,neutral
398,neutral
399,neutral
400,non-neutral
401,joy
402,disgust
403,disgust
404,joy
405,non-neutral
406,neutral
407,non-neutral
408,non-neutral
409,non-neutral
410,neutral
411,neutral
412,non-neutral
413,neutral
414,neutral
415,non-neutral
416,sadness
417,sadness
418,surprise
419,neutral
420,neutral
421,neutral
422,neutral
423,surprise
424,non-neutral
425,neutral
426,neutral
427,neutral
428,neutral
429,neutral
430,neutral
431,neutral
432,joy
433,neutral
434,neutral
435,neutral
436,neutral
437,neutral
438,neutral
439,non-neutral
440,surprise
441,surprise
442,neutral
443,neutral
444,non-neutral
445,neutral
446,non-neutral
447,neutral
448,neutral
449,joy
450,neutral
451,surprise
452,neutral
453,surprise
454,neutral
455,neutral
456,anger
457,anger
458,neutral
459,neutral
460,neutral
461,non-neutral
462,neutral
463,neutral
464,neutral
465,non-neutral
466,neutral
467,joy
468,neutral
469,neutral
470,neutral
471,surprise
472,surprise
473,neutral
474,neutral
475,neutral
476,surprise
477,joy
478,anger
479,neutral
480,surprise
481,surprise
482,neutral
483,neutral
484,neutral
485,neutral
486,neutral
487,neutral
488,neutral
489,neutral
490,neutral
491,neutral
492,surprise
493,non-neutral
494,neutral
495,joy
496,joy
497,joy
498,non-neutral
499,non-neutral
500,neutral
501,joy
502,neutral
503,neutral
504,surprise
505,disgust
506,non-neutral
507,neutral
508,neutral
509,neutral
510,non-neutral
511,neutral
512,neutral
513,joy
514,sadness
515,surprise
516,neutral
517,joy
518,surprise
519,neutral
520,non-neutral
521,neutral
522,neutral
523,neutral
524,neutral
525,joy
526,neutral
527,neutral
528,neutral
529,neutral
530,neutral
531,neutral
532,anger
533,neutral
534,surprise
535,neutral
536,neutral
537,neutral
538,non-neutral
539,non-neutral
540,non-neutral
541,neutral
542,neutral
543,joy
544,neutral
545,non-neutral
546,neutral
547,neutral
548,neutral
549,neutral
550,neutral
551,neutral
552,surprise
553,neutral
554,neutral
555,sadness
556,anger
557,surprise
558,surprise
559,neutral
560,anger
561,neutral
562,surprise
563,neutral
564,neutral
565,neutral
566,joy
567,surprise
568,neutral
569,joy
570,neutral
571,neutral
572,neutral
573,neutral
574,non-neutral
575,non-neutral
576,surprise
577,neutral
578,surprise
579,surprise
580,neutral
581,neutral
582,neutral
583,neutral
584,neutral
585,neutral
586,surprise
587,neutral
588,neutral
589,neutral
590,non-neutral
591,non-neutral
592,anger
593,anger
594,non-neutral
595,non-neutral
596,neutral
597,neutral
598,anger
599,disgust
600,neutral
601,neutral
602,neutral
603,neutral
604,neutral
605,surprise
606,non-neutral
607,neutral
608,neutral
609,non-neutral
610,neutral
611,anger
612,non-neutral
613,neutral
614,surprise
615,neutral
616,non-neutral
617,neutral
618,neutral
619,non-neutral
620,neutral
621,neutral
622,neutral
623,neutral
624,neutral
625,neutral
626,neutral
627,neutral
628,neutral
629,neutral
630,non-neutral
631,neutral
632,neutral
633,neutral
634,non-neutral
635,disgust
636,neutral
637,neutral
638,neutral
639,non-neutral
640,neutral
641,neutral
642,non-neutral
643,neutral
644,non-neutral
645,neutral
646,surprise
647,neutral
648,non-neutral
649,neutral
650,neutral
651,joy
652,non-neutral
653,neutral
654,neutral
655,joy
656,neutral
657,neutral
658,joy
659,neutral
660,neutral
661,surprise
662,neutral
663,neutral
664,neutral
665,neutral
666,surprise
667,neutral
668,neutral
669,neutral
670,neutral
671,surprise
672,joy
673,neutral
674,anger
675,neutral
676,anger
677,neutral
678,neutral
679,neutral
680,neutral
681,non-neutral
682,neutral
683,surprise
684,surprise
685,surprise
686,neutral
687,neutral
688,neutral
689,neutral
690,neutral
691,neutral
692,anger
693,anger
694,neutral
695,neutral
696,non-neutral
697,non-neutral
698,neutral
699,neutral
700,neutral
701,neutral
702,neutral
703,neutral
704,joy
705,neutral
706,anger
707,neutral
708,neutral
709,neutral
710,anger
711,surprise
712,neutral
713,neutral
714,neutral
715,neutral
716,non-neutral
717,neutral
718,neutral
719,surprise
720,non-neutral
721,neutral
722,neutral
723,non-neutral
724,surprise
725,surprise
726,non-neutral
727,joy
728,non-neutral
729,neutral
730,neutral
731,neutral
732,surprise
733,neutral
734,neutral
735,neutral
736,neutral
737,neutral
738,neutral
739,surprise
740,anger
741,neutral
742,neutral
743,neutral
744,neutral
745,non-neutral
746,non-neutral
747,neutral
748,surprise
749,neutral
750,surprise
751,neutral
752,neutral
753,neutral
754,sadness
755,neutral
756,neutral
757,neutral
758,neutral
759,anger
760,neutral
761,neutral
762,neutral
763,neutral
764,neutral
765,neutral
766,neutral
767,neutral
768,neutral
769,surprise
770,neutral
771,neutral
772,neutral
773,surprise
774,non-neutral
775,neutral
776,neutral
777,neutral
778,non-neutral
779,non-neutral
780,anger
781,neutral
782,neutral
783,disgust
784,joy
785,neutral
786,surprise
787,surprise
788,neutral
789,anger
790,neutral
791,anger
792,neutral
793,neutral
794,neutral
795,joy
796,neutral
797,non-neutral
798,non-neutral
799,neutral
800,surprise
801,neutral
802,neutral
803,neutral
804,non-neutral
805,non-neutral
806,neutral
807,neutral
808,neutral
809,neutral
810,anger
811,neutral
812,neutral
813,neutral
814,neutral
815,non-neutral
816,disgust
817,neutral
818,non-neutral
819,non-neutral
820,surprise
821,neutral
822,non-neutral
823,surprise
824,joy
825,neutral
826,neutral
827,joy
828,joy
829,neutral
830,joy
831,neutral
832,neutral
833,surprise
834,neutral
835,neutral
836,anger
837,sadness
838,disgust
839,surprise
840,neutral
841,neutral
842,neutral
843,neutral
844,neutral
845,neutral
846,neutral
847,non-neutral
848,neutral
849,neutral
850,neutral
851,neutral
852,joy
853,neutral
854,neutral
855,neutral
856,neutral
857,non-neutral
858,neutral
859,neutral
860,non-neutral
861,neutral
862,neutral
863,neutral
864,neutral
865,neutral
866,neutral
867,neutral
868,non-neutral
869,neutral
870,neutral
871,surprise
872,neutral
873,non-neutral
874,non-neutral
875,surprise
876,surprise
877,surprise
878,surprise
879,neutral
880,anger
881,joy
882,neutral
883,joy
884,neutral
885,non-neutral
886,neutral
887,neutral
888,neutral
889,neutral
890,neutral
891,joy
892,neutral
893,neutral
894,neutral
895,surprise
896,neutral
897,neutral
898,neutral
899,non-neutral
900,surprise
901,neutral
902,neutral
903,joy
904,neutral
905,surprise
906,surprise
907,neutral
908,neutral
909,fear
910,neutral
911,neutral
912,neutral
913,neutral
914,joy
915,neutral
916,joy
917,surprise
918,surprise
919,neutral
920,neutral
921,neutral
922,neutral
923,anger
924,neutral
925,neutral
926,non-neutral
927,non-neutral
928,neutral
929,non-neutral
930,neutral
931,joy
932,neutral
933,neutral
934,neutral
935,surprise
936,neutral
937,surprise
938,surprise
939,anger
940,neutral
941,sadness
942,neutral
943,neutral
944,neutral
945,neutral
946,non-neutral
947,neutral
948,neutral
949,neutral
950,neutral
951,neutral
952,neutral
953,surprise
954,non-neutral
955,neutral
956,non-neutral
957,neutral
958,neutral
959,non-neutral
960,neutral
961,non-neutral
962,surprise
963,non-neutral
964,neutral
965,non-neutral
966,joy
967,surprise
968,neutral
969,joy
970,neutral
971,neutral
972,neutral
973,neutral
974,neutral
975,neutral
976,joy
977,neutral
978,neutral
979,neutral
980,neutral
981,surprise
982,neutral
983,neutral
984,neutral
985,surprise
986,neutral
987,neutral
988,neutral
989,neutral
990,neutral
991,neutral
992,neutral
993,neutral
994,neutral
995,neutral
996,non-neutral
997,surprise
998,neutral
999,neutral
1000,neutral
1001,neutral
1002,surprise
1003,neutral
1004,neutral
1005,neutral
1006,neutral
1007,neutral
1008,surprise
1009,neutral
1010,neutral
1011,neutral
1012,non-neutral
1013,surprise
1014,neutral
1015,non-neutral
1016,neutral
1017,neutral
1018,neutral
1019,neutral
1020,neutral
1021,surprise
1022,neutral
1023,neutral
1024,neutral
1025,neutral
1026,surprise
1027,neutral
1028,anger
1029,neutral
1030,neutral
1031,neutral
1032,neutral
1033,joy
1034,neutral
1035,neutral
1036,neutral
1037,neutral
1038,neutral
1039,neutral
1040,non-neutral
1041,neutral
1042,neutral
1043,neutral
1044,neutral
1045,neutral
1046,surprise
1047,surprise
1048,neutral
1049,neutral
1050,non-neutral
1051,non-neutral
1052,non-neutral
1053,anger
1054,anger
1055,disgust
1056,non-neutral
1057,neutral
1058,non-neutral
1059,non-neutral
1060,neutral
1061,neutral
1062,non-neutral
1063,neutral
1064,neutral
1065,neutral
1066,joy
1067,surprise
1068,neutral
1069,neutral
1070,surprise
1071,surprise
1072,neutral
1073,neutral
1074,neutral
1075,neutral
1076,joy
1077,joy
1078,surprise
1079,surprise
1080,disgust
1081,neutral
1082,neutral
1083,non-neutral
1084,neutral
1085,neutral
1086,neutral
1087,joy
1088,non-neutral
1089,anger
1090,neutral
1091,neutral
1092,surprise
1093,neutral
1094,neutral
1095,neutral
1096,non-neutral
1097,neutral
1098,neutral
1099,neutral
1100,sadness
1101,non-neutral
1102,neutral
1103,neutral
1104,non-neutral
1105,neutral
1106,neutral
1107,neutral
1108,neutral
1109,neutral
1110,neutral
1111,neutral
1112,surprise
1113,neutral
1114,surprise
1115,neutral
1116,non-neutral
1117,surprise
1118,non-neutral
1119,neutral
1120,neutral
1121,neutral
1122,surprise
1123,neutral
1124,joy
1125,joy
1126,neutral
1127,non-neutral
1128,neutral
1129,neutral
1130,neutral
1131,neutral
1132,neutral
1133,neutral
1134,neutral
1135,non-neutral
1136,surprise
1137,joy
1138,neutral
1139,joy
1140,neutral
1141,neutral
1142,neutral
1143,neutral
1144,neutral
1145,neutral
1146,sadness
1147,joy
1148,anger
1149,surprise
1150,non-neutral
1151,joy
1152,surprise
1153,neutral
1154,neutral
1155,joy
1156,non-neutral
1157,anger
1158,non-neutral
1159,neutral
1160,neutral
1161,non-neutral
1162,non-neutral
1163,sadness
1164,non-neutral
1165,non-neutral
1166,surprise
1167,neutral
1168,neutral
1169,surprise
1170,neutral
1171,neutral
1172,neutral
1173,anger
1174,neutral
1175,non-neutral
1176,non-neutral
1177,neutral
1178,neutral
1179,neutral
1180,neutral
1181,surprise
1182,neutral
1183,neutral
1184,neutral
1185,neutral
1186,neutral
1187,neutral
1188,non-neutral
1189,surprise
1190,neutral
1191,neutral
1192,neutral
1193,surprise
1194,joy
1195,neutral
1196,neutral
1197,neutral
1198,neutral
1199,neutral
1200,sadness
1201,neutral
1202,joy
1203,neutral
1204,neutral
1205,joy
1206,surprise
1207,neutral
1208,neutral
1209,non-neutral
1210,neutral
1211,neutral
1212,neutral
1213,joy
1214,sadness
1215,neutral
1216,neutral
1217,neutral
1218,non-neutral
1219,neutral
1220,neutral
1221,neutral
1222,neutral
1223,neutral
1224,surprise
1225,neutral
1226,surprise
1227,anger
1228,neutral
1229,non-neutral
1230,non-neutral
1231,neutral
1232,neutral
1233,neutral
1234,neutral
1235,neutral
1236,neutral
1237,neutral
1238,neutral
1239,neutral
1240,neutral
1241,neutral
1242,surprise
1243,non-neutral
1244,anger
1245,neutral
1246,neutral
1247,neutral
1248,neutral
1249,surprise
1250,neutral
1251,neutral
1252,non-neutral
1253,neutral
1254,surprise
1255,neutral
1256,surprise
1257,surprise
1258,surprise
1259,neutral
1260,neutral
1261,non-neutral
1262,non-neutral
1263,joy
1264,neutral
1265,neutral
1266,neutral
1267,non-neutral
1268,neutral
1269,surprise
1270,neutral
1271,neutral
1272,neutral
1273,neutral
1274,neutral
1275,neutral
1276,surprise
1277,neutral
1278,neutral
1279,surprise
1280,neutral
1281,surprise
1282,joy
1283,surprise
1284,neutral
1285,sadness
1286,surprise
1287,joy
1288,neutral
1289,neutral
1290,neutral
1291,fear
1292,non-neutral
1293,neutral
1294,non-neutral
1295,surprise
1296,non-neutral
1297,non-neutral
1298,neutral
1299,neutral
1300,neutral
1301,neutral
1302,neutral
1303,neutral
1304,non-neutral
1305,neutral
1306,neutral
1307,non-neutral
1308,neutral
1309,non-neutral
1310,neutral
1311,neutral
1312,surprise
1313,neutral
1314,surprise
1315,neutral
1316,surprise
1317,neutral
1318,neutral
1319,surprise
1320,neutral
1321,neutral
1322,neutral
1323,neutral
1324,neutral
1325,non-neutral
1326,anger
1327,surprise
1328,neutral
1329,neutral
1330,neutral
1331,neutral
1332,neutral
1333,neutral
1334,disgust
1335,surprise
1336,neutral
1337,non-neutral
1338,neutral
1339,neutral
1340,neutral
1341,neutral
1342,neutral
1343,surprise
1344,sadness
1345,non-neutral
1346,surprise
1347,neutral
1348,neutral
1349,neutral
1350,surprise
1351,non-neutral
1352,neutral
1353,neutral
1354,non-neutral
1355,neutral
1356,neutral
1357,neutral
1358,neutral
1359,neutral
1360,neutral
1361,surprise
1362,non-neutral
1363,neutral
1364,non-neutral
1365,non-neutral
1366,neutral
1367,surprise
1368,non-neutral
1369,non-neutral
1370,neutral
1371,surprise
1372,neutral
1373,neutral
1374,neutral
1375,joy
1376,surprise
1377,neutral
1378,neutral
1379,neutral
1380,neutral
1381,non-neutral
1382,neutral
1383,surprise
1384,neutral
1385,neutral
1386,neutral
1387,non-neutral
1388,neutral
1389,neutral
1390,non-neutral
1391,surprise
1392,neutral
1393,neutral
1394,neutral
1395,neutral
1396,neutral
1397,neutral
1398,non-neutral
1399,neutral
1400,neutral
1401,neutral
1402,surprise
1403,neutral
1404,surprise
1405,surprise
1406,joy
1407,neutral
1408,neutral
1409,surprise
1410,sadness
1411,neutral
1412,joy
1413,surprise
1414,surprise
1415,neutral
1416,neutral
1417,neutral
1418,non-neutral
1419,surprise
1420,neutral
1421,neutral
1422,non-neutral
1423,neutral
1424,neutral
1425,neutral
1426,surprise
1427,non-neutral
1428,non-neutral
1429,joy
1430,neutral
1431,neutral
1432,neutral
1433,joy
1434,surprise
1435,neutral
1436,joy
1437,non-neutral
1438,neutral
1439,neutral
1440,neutral
1441,sadness
1442,joy
1443,neutral
1444,non-neutral
1445,non-neutral
1446,neutral
1447,neutral
1448,neutral
1449,neutral
1450,neutral
1451,neutral
1452,neutral
1453,neutral
1454,neutral
1455,neutral
1456,non-neutral
1457,neutral
1458,neutral
1459,anger
1460,neutral
1461,neutral
1462,neutral
1463,neutral
1464,neutral
1465,neutral
1466,neutral
1467,neutral
1468,surprise
1469,neutral
1470,neutral
1471,neutral
1472,surprise
1473,joy
1474,joy
1475,surprise
1476,neutral
1477,neutral
1478,neutral
1479,non-neutral
1480,neutral
1481,neutral
1482,neutral
1483,neutral
1484,neutral
1485,neutral
1486,neutral
1487,neutral
1488,non-neutral
1489,neutral
1490,sadness
1491,neutral
1492,neutral
1493,non-neutral
1494,neutral
1495,neutral
1496,surprise
1497,neutral
1498,neutral
1499,surprise
1500,neutral
1501,surprise
1502,neutral
1503,neutral
1504,neutral
1505,neutral
1506,neutral
1507,disgust
1508,joy
1509,neutral
1510,non-neutral
1511,neutral
1512,neutral
1513,neutral
1514,neutral
1515,neutral
1516,neutral
1517,neutral
1518,surprise
1519,neutral
1520,joy
1521,neutral
1522,neutral
1523,sadness
1524,neutral
1525,neutral
1526,neutral
1527,neutral
1528,neutral
1529,non-neutral
1530,neutral
1531,non-neutral
1532,joy
1533,surprise
1534,neutral
1535,anger
1536,neutral
1537,neutral
1538,neutral
1539,neutral
1540,neutral
1541,non-neutral
1542,neutral
1543,neutral
1544,non-neutral
1545,surprise
1546,neutral
1547,joy
1548,neutral
1549,surprise
1550,neutral
1551,neutral
1552,non-neutral
1553,non-neutral
1554,joy
1555,non-neutral
1556,non-neutral
1557,neutral
1558,anger
1559,neutral
1560,neutral
1561,joy
1562,joy
1563,joy
1564,neutral
1565,surprise
1566,neutral
1567,neutral
1568,neutral
1569,neutral
1570,joy
1571,neutral
1572,neutral
1573,neutral
1574,non-neutral
1575,surprise
1576,neutral
1577,neutral
1578,neutral
1579,neutral
1580,joy
1581,neutral
1582,neutral
1583,surprise
1584,joy
1585,neutral
1586,neutral
1587,neutral
1588,surprise
1589,neutral
1590,neutral
1591,joy
1592,neutral
1593,neutral
1594,neutral
1595,neutral
1596,neutral
1597,surprise
1598,neutral
1599,surprise
1600,neutral
1601,neutral
1602,neutral
1603,neutral
1604,neutral
1605,neutral
1606,neutral
1607,surprise
1608,neutral
1609,neutral
1610,neutral
1611,surprise
1612,anger
1613,non-neutral
1614,non-neutral
1615,neutral
1616,neutral
1617,neutral
1618,non-neutral
1619,neutral
1620,neutral
1621,neutral
1622,non-neutral
1623,neutral
1624,neutral
1625,neutral
1626,non-neutral
1627,neutral
1628,neutral
1629,neutral
1630,neutral
1631,neutral
1632,neutral
1633,neutral
1634,neutral
1635,neutral
1636,neutral
1637,neutral
1638,neutral
1639,neutral
1640,neutral
1641,neutral
1642,neutral
1643,neutral
1644,neutral
1645,neutral
1646,neutral
1647,neutral
1648,neutral
1649,surprise
1650,non-neutral
1651,non-neutral
1652,sadness
1653,sadness
1654,non-neutral
1655,joy
1656,neutral
1657,neutral
1658,neutral
1659,neutral
1660,neutral
1661,neutral
1662,joy
1663,neutral
1664,joy
1665,surprise
1666,neutral
1667,surprise
1668,neutral
1669,neutral
1670,neutral
1671,joy
1672,neutral
1673,surprise
1674,neutral
1675,neutral
1676,neutral
1677,neutral
1678,anger
1679,surprise
1680,neutral
1681,neutral
1682,neutral
1683,surprise
1684,neutral
1685,neutral
1686,non-neutral
1687,non-neutral
1688,disgust
1689,neutral
1690,non-neutral
1691,neutral
1692,joy
1693,neutral
1694,neutral
1695,non-neutral
1696,sadness
1697,joy
1698,neutral
1699,surprise
1700,neutral
1701,joy
1702,neutral
1703,neutral
1704,neutral
1705,neutral
1706,neutral
1707,surprise
1708,joy
1709,neutral
1710,non-neutral
1711,neutral
1712,neutral
1713,disgust
1714,neutral
1715,neutral
1716,neutral
1717,neutral
1718,neutral
1719,non-neutral
1720,neutral
1721,neutral
1722,neutral
1723,non-neutral
1724,neutral
1725,surprise
1726,neutral
1727,neutral
1728,anger
1729,neutral
1730,surprise
1731,neutral
1732,anger
1733,neutral
1734,non-neutral
1735,neutral
1736,joy
1737,neutral
1738,non-neutral
1739,neutral
1740,surprise
1741,surprise
1742,surprise
1743,neutral
1744,neutral
1745,neutral
1746,neutral
1747,joy
1748,neutral
1749,neutral
1750,neutral
1751,neutral
1752,non-neutral
1753,joy
1754,neutral
1755,non-neutral
1756,non-neutral
1757,neutral
1758,surprise
1759,surprise
1760,surprise
1761,neutral
1762,joy
1763,joy
1764,non-neutral
1765,surprise
1766,joy
1767,joy
1768,neutral
1769,non-neutral
1770,neutral
1771,neutral
1772,neutral
1773,neutral
1774,neutral
1775,neutral
1776,neutral
1777,non-neutral
1778,neutral
1779,neutral
1780,neutral
1781,neutral
1782,neutral
1783,joy
1784,joy
1785,neutral
1786,neutral
1787,neutral
1788,neutral
1789,neutral
1790,neutral
1791,neutral
1792,joy
1793,non-neutral
1794,disgust
1795,neutral
1796,neutral
1797,surprise
1798,neutral
1799,neutral
1800,neutral
1801,neutral
1802,neutral
1803,surprise
1804,neutral
1805,non-neutral
1806,surprise
1807,neutral
1808,non-neutral
1809,neutral
1810,neutral
1811,disgust
1812,neutral
1813,neutral
1814,neutral
1815,neutral
1816,neutral
1817,neutral
1818,neutral
1819,neutral
1820,neutral
1821,non-neutral
1822,neutral
1823,joy
1824,neutral
1825,neutral
1826,neutral
1827,neutral
1828,neutral
1829,joy
1830,neutral
1831,neutral
1832,joy
1833,neutral
1834,neutral
1835,neutral
1836,non-neutral
1837,non-neutral
1838,neutral
1839,neutral
1840,neutral
1841,neutral
1842,neutral
1843,neutral
1844,neutral
1845,joy
1846,joy
1847,joy
1848,neutral
1849,neutral
1850,neutral
1851,neutral
1852,neutral
1853,neutral
1854,neutral
1855,neutral
1856,neutral
1857,neutral
1858,neutral
1859,neutral
1860,neutral
1861,neutral
1862,neutral
1863,non-neutral
1864,neutral
1865,neutral
1866,neutral
1867,neutral
1868,neutral
1869,neutral
1870,non-neutral
1871,surprise
1872,neutral
1873,neutral
1874,neutral
1875,neutral
1876,neutral
1877,non-neutral
1878,non-neutral
1879,surprise
1880,joy
1881,neutral
1882,neutral
1883,neutral
1884,anger
1885,non-neutral
1886,neutral
1887,neutral
1888,neutral
1889,neutral
1890,neutral
1891,neutral
1892,joy
1893,non-neutral
1894,joy
1895,surprise
1896,neutral
1897,neutral
1898,neutral
1899,non-neutral
1900,neutral
1901,joy
1902,neutral
1903,joy
1904,joy
1905,neutral
1906,neutral
1907,surprise
1908,non-neutral
1909,neutral
1910,neutral
1911,neutral
1912,neutral
1913,neutral
1914,surprise
1915,neutral
1916,neutral
1917,neutral
1918,neutral
1919,neutral
1920,neutral
1921,neutral
1922,neutral
1923,neutral
1924,joy
1925,neutral
1926,neutral
1927,neutral
1928,joy
1929,neutral
1930,neutral
1931,non-neutral
1932,neutral
1933,neutral
1934,neutral
1935,neutral
1936,neutral
1937,non-neutral
1938,neutral
1939,surprise
1940,neutral
1941,non-neutral
1942,surprise
1943,neutral
1944,non-neutral
1945,neutral
1946,joy
1947,neutral
1948,neutral
1949,non-neutral
1950,neutral
1951,neutral
1952,neutral
1953,non-neutral
1954,neutral
1955,neutral
1956,non-neutral
1957,neutral
1958,neutral
1959,neutral
1960,neutral
1961,neutral
1962,non-neutral
1963,surprise
1964,neutral
1965,non-neutral
1966,neutral
1967,neutral
1968,neutral
1969,neutral
1970,neutral
1971,surprise
1972,neutral
1973,non-neutral
1974,non-neutral
1975,joy
1976,neutral
1977,neutral
1978,non-neutral
1979,surprise
1980,non-neutral
1981,anger
1982,non-neutral
1983,neutral
1984,non-neutral
1985,neutral
1986,non-neutral
1987,neutral
1988,neutral
1989,neutral
1990,surprise
1991,neutral
1992,neutral
1993,neutral
1994,neutral
1995,joy
1996,neutral
1997,surprise
1998,neutral
1999,neutral
2000,neutral
2001,neutral
2002,surprise
2003,neutral
2004,non-neutral
2005,neutral
2006,joy
2007,neutral
2008,sadness
2009,neutral
2010,neutral
2011,neutral
2012,neutral
2013,anger
2014,surprise
2015,non-neutral
2016,neutral
2017,disgust
2018,neutral
2019,anger
2020,neutral
2021,non-neutral
2022,neutral
2023,neutral
2024,neutral
2025,neutral
2026,neutral
2027,neutral
2028,neutral
2029,non-neutral
2030,non-neutral
2031,sadness
2032,neutral
2033,joy
2034,non-neutral
2035,surprise
2036,neutral
2037,neutral
2038,neutral
2039,neutral
2040,neutral
2041,joy
2042,surprise
2043,surprise
2044,non-neutral
2045,neutral
2046,non-neutral
2047,neutral
2048,neutral
2049,neutral
2050,neutral
2051,joy
2052,neutral
2053,neutral
2054,neutral
2055,non-neutral
2056,neutral
2057,joy
2058,neutral
2059,neutral
2060,neutral
2061,neutral
2062,neutral
2063,neutral
2064,neutral
2065,neutral
2066,joy
2067,surprise
2068,neutral
2069,neutral
2070,neutral
2071,neutral
2072,neutral
2073,neutral
2074,sadness
2075,surprise
2076,surprise
2077,neutral
2078,neutral
2079,neutral
2080,neutral
2081,neutral
2082,surprise
2083,neutral
2084,neutral
2085,neutral
2086,neutral
2087,neutral
2088,non-neutral
2089,surprise
2090,neutral
2091,joy
2092,joy
2093,neutral
2094,joy
2095,surprise
2096,neutral
2097,joy
2098,neutral
2099,neutral
2100,non-neutral
2101,neutral
2102,neutral
2103,sadness
2104,neutral
2105,non-neutral
2106,neutral
2107,non-neutral
2108,neutral
2109,neutral
2110,neutral
2111,surprise
2112,neutral
2113,non-neutral
2114,neutral
2115,neutral
2116,non-neutral
2117,non-neutral
2118,non-neutral
2119,surprise
2120,non-neutral
2121,joy
2122,neutral
2123,neutral
2124,non-neutral
2125,neutral
2126,neutral
2127,neutral
2128,neutral
2129,joy
2130,surprise
2131,neutral
2132,neutral
2133,neutral
2134,neutral
2135,anger
2136,surprise
2137,neutral
2138,non-neutral
2139,non-neutral
2140,neutral
2141,neutral
2142,neutral
2143,surprise
2144,surprise
2145,neutral
2146,neutral
2147,neutral
2148,surprise
2149,neutral
2150,neutral
2151,neutral
2152,neutral
2153,surprise
2154,surprise
2155,neutral
2156,neutral
2157,neutral
2158,neutral
2159,neutral
2160,neutral
2161,neutral
2162,neutral
2163,neutral
2164,neutral
2165,joy
2166,neutral
2167,neutral
2168,non-neutral
2169,neutral
2170,neutral
2171,neutral
2172,neutral
2173,neutral
2174,neutral
2175,neutral
2176,anger
2177,neutral
2178,neutral
2179,neutral
2180,neutral
2181,neutral
2182,neutral
2183,neutral
2184,neutral
2185,neutral
2186,neutral
2187,non-neutral
2188,surprise
2189,surprise
2190,non-neutral
2191,neutral
2192,neutral
2193,anger
2194,neutral
2195,neutral
2196,neutral
2197,surprise
2198,neutral
2199,non-neutral
2200,non-neutral
2201,neutral
2202,neutral
2203,neutral
2204,neutral
2205,neutral
2206,surprise
2207,neutral
2208,surprise
2209,neutral
2210,surprise
2211,joy
2212,neutral
2213,anger
2214,surprise
2215,anger
2216,neutral
2217,non-neutral
2218,neutral
2219,anger
2220,neutral
2221,neutral
2222,neutral
2223,neutral
2224,neutral
2225,neutral
2226,neutral
2227,neutral
2228,surprise
2229,neutral
2230,non-neutral
2231,neutral
2232,surprise
2233,neutral
2234,non-neutral
2235,surprise
2236,non-neutral
2237,neutral
2238,non-neutral
2239,neutral
2240,neutral
2241,surprise
2242,neutral
2243,anger
2244,neutral
2245,surprise
2246,neutral
2247,neutral
2248,surprise
2249,surprise
2250,sadness
2251,neutral
2252,joy
2253,surprise
2254,joy
2255,neutral
2256,neutral
2257,neutral
2258,surprise
2259,neutral
2260,non-neutral
2261,surprise
2262,surprise
2263,neutral
2264,joy
2265,surprise
2266,neutral
2267,surprise
2268,neutral
2269,joy
2270,joy
2271,neutral
2272,neutral
2273,neutral
2274,neutral
2275,neutral
2276,non-neutral
2277,surprise
2278,neutral
2279,neutral
2280,surprise
2281,non-neutral
2282,neutral
2283,surprise
2284,anger
2285,neutral
2286,anger
2287,neutral
2288,non-neutral
2289,neutral
2290,neutral
2291,neutral
2292,neutral
2293,neutral
2294,surprise
2295,neutral
2296,neutral
2297,joy
2298,neutral
2299,neutral
2300,neutral
2301,neutral
2302,joy
2303,neutral
2304,non-neutral
2305,neutral
2306,neutral
2307,surprise
2308,surprise
2309,surprise
2310,surprise
2311,neutral
2312,surprise
2313,non-neutral
2314,neutral
2315,non-neutral
2316,neutral
2317,non-neutral
2318,neutral
2319,fear
2320,neutral
2321,neutral
2322,neutral
2323,neutral
2324,surprise
2325,surprise
2326,surprise
2327,neutral
2328,neutral
2329,neutral
2330,neutral
2331,neutral
2332,neutral
2333,neutral
2334,neutral
2335,surprise
2336,neutral
2337,neutral
2338,neutral
2339,neutral
2340,neutral
2341,fear
2342,neutral
2343,neutral
2344,neutral
2345,neutral
2346,neutral
2347,neutral
2348,neutral
2349,neutral
2350,joy
2351,neutral
2352,neutral
2353,surprise
2354,neutral
2355,surprise
2356,neutral
2357,neutral
2358,neutral
2359,neutral
2360,neutral
2361,non-neutral
2362,neutral
2363,neutral
2364,neutral
2365,neutral
2366,surprise
2367,non-neutral
2368,neutral
2369,neutral
2370,neutral
2371,neutral
2372,neutral
2373,neutral
2374,non-neutral
2375,neutral
2376,non-neutral
2377,surprise
2378,neutral
2379,neutral
2380,neutral
2381,neutral
2382,sadness
2383,neutral
2384,neutral
2385,neutral
2386,neutral
2387,neutral
2388,neutral
2389,neutral
2390,neutral
2391,neutral
2392,neutral
2393,neutral
2394,neutral
2395,neutral
2396,neutral
2397,neutral
2398,anger
2399,neutral
2400,neutral
2401,neutral
2402,non-neutral
2403,joy
2404,neutral
2405,joy
2406,neutral
2407,non-neutral
2408,neutral
2409,surprise
2410,neutral
2411,joy
2412,surprise
2413,neutral
2414,neutral
2415,joy
2416,neutral
2417,neutral
2418,neutral
2419,surprise
2420,surprise
2421,neutral
2422,neutral
2423,neutral
2424,neutral
2425,neutral
2426,non-neutral
2427,neutral
2428,neutral
2429,neutral
2430,neutral
2431,neutral
2432,neutral
2433,neutral
2434,disgust
2435,joy
2436,neutral
2437,joy
2438,non-neutral
2439,surprise
2440,joy
2441,neutral
2442,neutral
2443,neutral
2444,neutral
2445,neutral
2446,joy
2447,neutral
2448,neutral
2449,surprise
2450,sadness
2451,non-neutral
2452,non-neutral
2453,joy
2454,surprise
2455,neutral
2456,neutral
2457,joy
2458,surprise
2459,joy
2460,neutral
2461,neutral
2462,non-neutral
2463,neutral
2464,neutral
2465,neutral
2466,surprise
2467,non-neutral
2468,surprise
2469,surprise
2470,surprise
2471,neutral
2472,surprise
2473,neutral
2474,neutral
2475,neutral
2476,anger
2477,neutral
2478,neutral
2479,neutral
2480,neutral
2481,surprise
2482,neutral
2483,neutral
2484,neutral
2485,neutral
2486,neutral
2487,neutral
2488,neutral
2489,neutral
2490,neutral
2491,joy
2492,neutral
2493,joy
2494,non-neutral
2495,neutral
2496,non-neutral
2497,joy
2498,sadness
2499,neutral
2500,neutral
2501,surprise
2502,surprise
2503,neutral
2504,neutral
2505,neutral
2506,non-neutral
2507,neutral
2508,neutral
2509,neutral
2510,joy
2511,joy
2512,neutral
2513,neutral
2514,neutral
2515,neutral
2516,disgust
2517,disgust
2518,neutral
2519,neutral
2520,neutral
2521,neutral
2522,joy
2523,neutral
2524,neutral
2525,surprise
2526,neutral
2527,surprise
2528,neutral
2529,sadness
2530,joy
2531,non-neutral
2532,neutral
2533,neutral
2534,non-neutral
2535,joy
2536,surprise
2537,neutral
2538,neutral
2539,neutral
2540,joy
2541,neutral
2542,neutral
2543,neutral
2544,neutral
2545,neutral
2546,neutral
2547,neutral
2548,neutral
2549,joy
2550,neutral
2551,neutral
2552,neutral
2553,neutral
2554,neutral
2555,joy
2556,neutral
2557,neutral
2558,surprise
2559,neutral
2560,neutral
2561,neutral
2562,neutral
2563,non-neutral
2564,joy
2565,neutral
2566,neutral
2567,surprise
2568,neutral
2569,non-neutral
2570,neutral
2571,disgust
2572,surprise
2573,neutral
2574,neutral
2575,neutral
2576,neutral
2577,neutral
2578,neutral
2579,neutral
2580,neutral
2581,neutral
2582,neutral
2583,joy
2584,neutral
2585,anger
2586,sadness
2587,joy
2588,neutral
2589,neutral
2590,neutral
2591,neutral
2592,neutral
2593,joy
2594,neutral
2595,neutral
2596,neutral
2597,neutral
2598,non-neutral
2599,non-neutral
2600,neutral
2601,non-neutral
2602,neutral
2603,neutral
2604,neutral
2605,joy
2606,neutral
2607,surprise
2608,surprise
2609,non-neutral
2610,neutral
2611,neutral
2612,non-neutral
2613,joy
2614,neutral
2615,neutral
2616,neutral
2617,neutral
2618,neutral
2619,neutral
2620,neutral
2621,neutral
2622,non-neutral
2623,surprise
2624,neutral
2625,neutral
2626,neutral
2627,neutral
2628,neutral
2629,surprise
2630,surprise
2631,neutral
2632,surprise
2633,joy
2634,neutral
2635,neutral
2636,neutral
2637,neutral
2638,sadness
2639,surprise
2640,neutral
2641,joy
2642,surprise
2643,neutral
2644,non-neutral
2645,joy
2646,neutral
2647,non-neutral
2648,neutral
2649,neutral
2650,neutral
2651,joy
2652,non-neutral
2653,neutral
2654,neutral
2655,surprise
2656,surprise
2657,neutral
2658,neutral
2659,neutral
2660,neutral
2661,neutral
2662,neutral
2663,neutral
2664,neutral
2665,joy
2666,neutral
2667,neutral
2668,neutral
2669,neutral
2670,anger
2671,anger
2672,joy
2673,neutral
2674,surprise
2675,neutral
2676,neutral
2677,non-neutral
2678,surprise
2679,neutral
2680,neutral
2681,neutral
2682,neutral
2683,neutral
2684,neutral
2685,neutral
2686,neutral
2687,neutral
2688,neutral
2689,neutral
2690,neutral
2691,neutral
2692,neutral
2693,neutral
2694,neutral
2695,neutral
2696,neutral
2697,neutral
2698,neutral
2699,surprise
2700,surprise
2701,neutral
2702,neutral
2703,neutral
2704,neutral
2705,anger
2706,surprise
2707,neutral
2708,neutral
2709,surprise
2710,anger
2711,surprise
2712,neutral
2713,neutral
2714,neutral
2715,neutral
2716,neutral
2717,neutral
2718,neutral
2719,neutral
2720,neutral
2721,surprise
2722,sadness
2723,neutral
2724,neutral
2725,neutral
2726,neutral
2727,neutral
2728,neutral
2729,neutral
2730,neutral
2731,non-neutral
2732,non-neutral
2733,surprise
2734,neutral
2735,joy
2736,joy
2737,neutral
2738,neutral
2739,surprise
2740,neutral
2741,neutral
2742,non-neutral
2743,neutral
2744,neutral
2745,neutral
2746,neutral
2747,neutral
2748,neutral
2749,surprise
2750,neutral
2751,neutral
2752,neutral
2753,surprise
2754,neutral
2755,neutral
2756,neutral
2757,non-neutral
2758,anger
2759,neutral
2760,neutral
2761,anger
2762,neutral
2763,neutral
2764,neutral
2765,joy
2766,neutral
2767,non-neutral
2768,neutral
2769,joy
2770,joy
2771,neutral
2772,joy
2773,neutral
2774,neutral
2775,non-neutral
2776,neutral
2777,neutral
2778,neutral
2779,non-neutral
2780,neutral
2781,neutral
2782,neutral
2783,neutral
2784,neutral
2785,neutral
2786,anger
2787,surprise
2788,non-neutral
2789,neutral
2790,joy
2791,surprise
2792,neutral
2793,non-neutral
2794,neutral
2795,neutral
2796,neutral
2797,non-neutral
2798,neutral
2799,surprise
2800,neutral
2801,neutral
2802,neutral
2803,neutral
2804,neutral
2805,neutral
2806,joy
2807,neutral
2808,surprise
2809,joy
2810,neutral
2811,surprise
2812,neutral
2813,non-neutral
2814,neutral
2815,neutral
2816,non-neutral
2817,joy
2818,neutral
2819,surprise
2820,neutral
2821,surprise
2822,neutral
2823,neutral
2824,neutral
2825,neutral
2826,surprise
2827,surprise
2828,surprise
2829,neutral
2830,neutral
2831,neutral
2832,neutral
2833,neutral
2834,neutral
2835,non-neutral
2836,surprise
2837,neutral
2838,neutral
2839,surprise
2840,surprise
2841,neutral
2842,sadness
2843,surprise
2844,surprise
2845,neutral
2846,non-neutral
2847,neutral
2848,neutral
2849,non-neutral
2850,non-neutral
2851,neutral
2852,neutral
2853,neutral
2854,neutral
2855,joy
2856,neutral
2857,joy
2858,joy
2859,non-neutral
2860,neutral
2861,neutral
2862,non-neutral
2863,neutral
2864,non-neutral
2865,neutral
2866,neutral
2867,anger
2868,neutral
2869,neutral
2870,joy
2871,neutral
2872,anger
2873,surprise
2874,disgust
2875,non-neutral
2876,neutral
2877,neutral
2878,neutral
2879,neutral
2880,neutral
2881,neutral
2882,neutral
2883,neutral
2884,neutral
2885,neutral
2886,sadness
2887,neutral
2888,neutral
2889,joy
2890,surprise
2891,neutral
2892,joy
2893,neutral
2894,neutral
2895,neutral
2896,neutral
2897,neutral
2898,sadness
2899,non-neutral
2900,neutral
2901,neutral
2902,neutral
2903,neutral
2904,neutral
2905,neutral
2906,neutral
2907,neutral
2908,neutral
2909,neutral
2910,surprise
2911,neutral
2912,neutral
2913,neutral
2914,neutral
2915,neutral
2916,neutral
2917,neutral
2918,neutral
2919,neutral
2920,neutral
2921,joy
2922,neutral
2923,neutral
2924,neutral
2925,non-neutral
2926,neutral
2927,neutral
2928,surprise
2929,surprise
2930,neutral
2931,joy
2932,neutral
2933,neutral
2934,neutral
2935,surprise
2936,neutral
2937,non-neutral
2938,anger
2939,anger
2940,neutral
2941,neutral
2942,non-neutral
2943,neutral
2944,neutral
2945,neutral
2946,non-neutral
2947,neutral
2948,neutral
2949,surprise
2950,surprise
2951,non-neutral
2952,neutral
2953,neutral
2954,neutral
2955,neutral
2956,non-neutral
2957,neutral
2958,anger
2959,neutral
2960,neutral
2961,neutral
2962,neutral
2963,neutral
2964,neutral
2965,surprise
2966,surprise
2967,non-neutral
2968,joy
2969,non-neutral
2970,neutral
2971,non-neutral
2972,non-neutral
2973,joy
2974,non-neutral
2975,anger
2976,anger
2977,non-neutral
2978,non-neutral
2979,neutral
2980,non-neutral
2981,anger
2982,non-neutral
2983,neutral
2984,non-neutral
2985,neutral
2986,surprise
2987,non-neutral
2988,neutral
2989,neutral
2990,neutral
2991,fear
2992,surprise
2993,neutral
2994,non-neutral
2995,neutral
2996,neutral
2997,neutral
2998,neutral
2999,surprise
3000,neutral
3001,neutral
3002,surprise
3003,anger
3004,non-neutral
3005,neutral
3006,neutral
3007,neutral
3008,neutral
3009,neutral
3010,neutral
3011,neutral
3012,neutral
3013,surprise
3014,neutral
3015,neutral
3016,neutral
3017,anger
3018,neutral
3019,surprise
3020,joy
3021,neutral
3022,neutral
3023,neutral
3024,neutral
3025,joy
3026,neutral
3027,neutral
3028,neutral
3029,neutral
3030,neutral
3031,non-neutral
3032,neutral
3033,neutral
3034,neutral
3035,surprise
3036,anger
3037,joy
3038,neutral
3039,non-neutral
3040,non-neutral
3041,neutral
3042,neutral
3043,surprise
3044,neutral
3045,neutral
3046,neutral
3047,neutral
3048,non-neutral
3049,sadness
3050,neutral
3051,non-neutral
3052,neutral
3053,non-neutral
3054,neutral
3055,non-neutral
3056,non-neutral
3057,neutral
3058,joy
3059,neutral
3060,neutral
3061,neutral
3062,neutral
3063,neutral
3064,neutral
3065,neutral
3066,neutral
3067,neutral
3068,neutral
3069,neutral
3070,joy
3071,surprise
3072,non-neutral
3073,non-neutral
3074,neutral
3075,neutral
3076,neutral
3077,neutral
3078,neutral
3079,joy
3080,neutral
3081,non-neutral
3082,neutral
3083,neutral
3084,neutral
3085,neutral
3086,neutral
3087,surprise
3088,surprise
3089,neutral
3090,neutral
3091,neutral
3092,surprise
3093,joy
3094,neutral
3095,joy
3096,neutral
3097,neutral
3098,joy
3099,neutral
3100,surprise
3101,surprise
3102,neutral
3103,joy
3104,surprise
3105,surprise
3106,neutral
3107,surprise
3108,non-neutral
3109,neutral
3110,neutral
3111,neutral
3112,neutral
3113,neutral
3114,neutral
3115,surprise
3116,neutral
3117,neutral
3118,fear
3119,non-neutral
3120,neutral
3121,neutral
3122,neutral
3123,neutral
3124,neutral
3125,neutral
3126,surprise
3127,surprise
3128,neutral
3129,neutral
3130,neutral
3131,surprise
3132,neutral
3133,neutral
3134,neutral
3135,neutral
3136,neutral
3137,neutral
3138,neutral
3139,neutral
3140,neutral
3141,neutral
3142,surprise
3143,anger
3144,neutral
3145,surprise
3146,neutral
3147,neutral
3148,non-neutral
3149,neutral
3150,neutral
3151,neutral
3152,neutral
3153,non-neutral
3154,neutral
3155,surprise
3156,non-neutral
3157,surprise
3158,neutral
3159,neutral
3160,non-neutral
3161,neutral
3162,neutral
3163,joy
3164,non-neutral
3165,neutral
3166,neutral
3167,neutral
3168,neutral
3169,surprise
3170,neutral
3171,neutral
3172,sadness
3173,neutral
3174,neutral
3175,neutral
3176,neutral
3177,joy
3178,neutral
3179,joy
3180,neutral
3181,neutral
3182,neutral
3183,neutral
3184,neutral
3185,neutral
3186,non-neutral
3187,disgust
3188,neutral
3189,neutral
3190,surprise
3191,neutral
3192,neutral
3193,neutral
3194,neutral
3195,neutral
3196,neutral
3197,neutral
3198,neutral
3199,neutral
3200,neutral
3201,joy
3202,neutral
3203,non-neutral
3204,neutral
3205,surprise
3206,sadness
3207,surprise
3208,neutral
3209,non-neutral
3210,neutral
3211,surprise
3212,non-neutral
3213,surprise
3214,non-neutral
3215,non-neutral
3216,non-neutral
3217,neutral
3218,neutral
3219,non-neutral
3220,non-neutral
3221,neutral
3222,neutral
3223,non-neutral
3224,neutral
3225,non-neutral
3226,neutral
3227,neutral
3228,neutral
3229,neutral
3230,neutral
3231,neutral
3232,neutral
3233,neutral
3234,neutral
3235,neutral
3236,neutral
3237,surprise
3238,neutral
3239,joy
3240,neutral
3241,surprise
3242,neutral
3243,neutral
3244,neutral
3245,neutral
3246,neutral
3247,neutral
3248,neutral
3249,anger
3250,neutral
3251,neutral
3252,neutral
3253,neutral
3254,joy
3255,joy
3256,neutral
3257,joy
3258,neutral
3259,neutral
3260,neutral
3261,neutral
3262,neutral
3263,neutral
3264,sadness
3265,neutral
3266,neutral
3267,neutral
3268,surprise
3269,neutral
3270,neutral
3271,neutral
3272,neutral
3273,joy
3274,neutral
3275,neutral
3276,joy
3277,neutral
3278,neutral
3279,neutral
3280,non-neutral
3281,surprise
3282,non-neutral
3283,joy
3284,neutral
3285,neutral
3286,neutral
3287,neutral
3288,neutral
3289,neutral
3290,neutral
3291,neutral
3292,surprise
3293,neutral
3294,anger
3295,neutral
